First_Name,Last_Name,SSN,Email_Address,Phone,Address,City,State,Zipcode,Country
Arthur,Horn,329-43-2943,perezstephanie@horton.org,001-106-925-5726x6457,15735 Bush Ridge,Port Adam,Alaska,30787,Barbados
Susan,Martinez,338-44-4770,wdunn@gmail.com,001-284-818-7950,410 Matthew Mountain,Reedfort,North Carolina,19179,Ethiopia
Jared,Taylor,452-27-5279,qcampbell@king.info,+1-222-588-9489x38438,62288 Brooks Streets Apt. 729,Hernandezborough,Vermont,11738,Ecuador
Michelle,Hernandez,422-12-5018,laura89@yahoo.com,396-993-4722x142,5421 Church Cape,Bradleychester,Maine,42144,Tokelau
Lisa,Hill,490-64-3310,smithdestiny@harrison-allen.com,352.432.7443x2543,135 Michelle Ways Apt. 781,Joshuaport,Kentucky,09739,Bangladesh
Matthew,Dickson,691-29-4800,brockpaula@welch-thomas.com,001-822-196-4522x703,7689 Rachael Mountain,Cunninghamstad,California,48283,Gambia
Tracy,Brown,715-34-7010,rodney53@spencer.info,(371)686-4089x86661,001 Ryan Wall Suite 573,Kristinburgh,California,37325,Argentina
Emma,Mcgee,781-62-7750,cynthianorton@howard.biz,349.938.3375,46958 Katelyn Way,Monicaville,Nebraska,20937,Liberia
Stephen,Massey,732-11-5472,jessicakelly@gmail.com,1267964276,41669 Douglas Plains Apt. 005,Robinsontown,New Hampshire,01251,Samoa
Kirk,James,525-99-0823,briansmith@barnett-melton.com,1572441029,653 Lisa Inlet,North David,Minnesota,39352,French Polynesia
Kristie,Mills,843-05-5732,patriciahancock@prince.com,+1-703-965-7516,4506 Wilkinson Roads Suite 485,West Maria,Maine,35012,Macao
Darren,Calhoun,503-15-9155,erica67@gmail.com,(598)141-9429,691 Tonya Club,Port Stephanie,Pennsylvania,73147,Luxembourg
Allison,Patton,036-79-6305,ernesthall@brown.com,714.847.2144x6755,22160 Richard Park Apt. 717,South Christine,Hawaii,51631,Northern Mariana Islands
Jennifer,Maldonado,269-27-3060,kristin14@yahoo.com,+1-082-210-5565x5792,32791 Santana Glens,Jasonview,Georgia,73119,Turkey
Regina,Gonzalez,079-35-2217,ljohnson@sanford.net,736-180-5977x497,8572 Stanley Park Suite 668,Stephenshire,Minnesota,30293,Aruba
Jessica,Delacruz,705-58-6012,taylorsara@hotmail.com,(550)489-5789,9580 Whitehead Throughway Apt. 734,Lake Kenneth,Alabama,03337,Sierra Leone
Matthew,Patterson,258-07-0769,asharp@johnson-price.info,679.690.2093x15468,44769 Brooks Rapids,Kristenshire,Arkansas,45079,French Guiana
Nicholas,Richards,141-86-2802,jasonwatts@gmail.com,001-035-939-5949x762,3358 Noble Road Suite 295,Angelahaven,Texas,78982,Guinea
Jacob,Howard,576-58-2920,michael38@gmail.com,473-225-6841,2242 Butler Spurs,Port Sabrina,Kentucky,89578,Singapore
Anna,Gutierrez,557-53-1020,timothy64@wiggins.com,643-721-2840,69914 Moss Avenue Apt. 910,Fordfurt,Alaska,67468,Kiribati
Linda,Lee,641-56-3812,melissa74@gmail.com,483-044-2910x23066,26781 Thompson Port,North Ethan,Missouri,83118,Iraq
Megan,Anthony,145-14-1941,xweeks@pineda.info,254-054-6268x445,64669 Martinez Port Apt. 423,East Vanessaborough,Alaska,13646,Monaco
Shannon,Alvarez,608-15-7005,umoody@yahoo.com,044.388.9527x73139,91038 Chelsea Locks,Douglashaven,Wyoming,00593,Cape Verde
Alejandro,Brown,065-44-6665,david58@wood.info,671.499.1961x5939,5595 Lisa Tunnel,South Andrewburgh,Indiana,35073,Central African Republic
Alicia,Schneider,872-14-8262,brittanygonzalez@ryan.com,+1-045-241-3207x1695,21324 Jesus Glens,Lake Joshuafort,Michigan,54381,Guernsey
Lisa,Perry,027-30-6966,christina65@allen.info,8093707508,53258 Vaughan Trace Suite 370,Madisonton,Maine,66884,Cyprus
Kristen,Meyer,288-90-5020,pughjonathan@nicholson.com,(279)442-0596x01672,1781 Lewis Track,Sanchezhaven,Colorado,62969,Bulgaria
Jeffrey,Wang,647-53-3242,jerry24@hickman-nichols.org,001-729-913-8828x406,09399 Robert Drive Apt. 356,Michaelchester,Virginia,87144,Bermuda
Candice,Evans,252-73-2211,gregoryadam@hotmail.com,+1-636-564-2811x37810,68397 Daniel Union,Robinsonton,Michigan,23804,Korea
John,Fry,436-22-9052,greenemichael@gmail.com,001-467-368-6875,3435 Patrick Land,Taylorton,Michigan,78285,Vietnam
Tracy,Patterson,471-71-2804,figueroaalexandra@wilson.com,(460)861-3275,7548 Gibson Field Apt. 239,West Nicholestad,New York,73308,Reunion
Kristin,Quinn,504-93-7674,jasminejennings@gmail.com,(061)396-1846,2160 Paul Burg,Clinechester,Louisiana,96776,Argentina
Ryan,Miller,049-67-1028,emily78@yahoo.com,001-414-432-1108,44602 Jones Knolls Apt. 817,Lake Nicolehaven,Wisconsin,97483,Dominica
Alicia,Daniel,066-96-7109,erin73@gmail.com,450.168.9698x529,499 Matthew Meadow Suite 000,Lake Jennifer,Illinois,95483,Puerto Rico
Emily,Hill,753-60-3058,hoodvicki@yahoo.com,7361980741,0959 Pham Shores,South Ryantown,Maine,76867,Cyprus
Elijah,Robinson,155-52-5233,oweeks@gmail.com,3442462323,79834 Hall Plains Apt. 198,West Alicia,New Mexico,01510,Costa Rica
Emily,Brown,624-62-9241,kgraham@yahoo.com,(991)650-5595x679,39486 Strickland Junction Apt. 669,New Andrewborough,New York,21412,Macedonia
Michael,Miller,220-11-0024,samantha55@jackson.net,001-608-899-3900x999,1585 Mark Ramp,West Marymouth,Idaho,02441,Fiji
Debbie,Evans,748-84-9789,ashley23@sims.info,(409)546-1930x7720,6910 Jordan Creek Suite 236,Scottmouth,Montana,10649,Finland
Megan,Fleming,468-77-3658,rodriguezanne@gmail.com,001-436-707-9916x781,7573 Arthur Field Suite 076,Palmerton,Kentucky,71584,Tunisia
Heather,Gilbert,099-84-7448,lrice@hotmail.com,001-669-047-7601x31691,330 Anderson Underpass Suite 044,North Cynthiaborough,Florida,56662,Cape Verde
Jillian,Brown,099-63-7086,gphillips@nguyen-marshall.org,0372023324,33596 Kenneth Heights,Kennethmouth,Oklahoma,81386,Dominica
Nicholas,Lopez,587-43-5954,hectorfriedman@hotmail.com,9339297446,6617 Foster Inlet Apt. 979,Lake Shelbyport,Idaho,20316,Falkland Islands (Malvinas)
Michele,Bradley,047-03-7763,krystalpeterson@walker.com,001-450-595-7088x1068,924 Steven Spur,West Scottshire,Wyoming,74269,Cook Islands
Jackie,Morris,151-08-4901,melissaanderson@gmail.com,340.700.8477x5689,78642 Richard Mountain Apt. 092,Sandraville,Nevada,85012,Costa Rica
Kenneth,Meyers,059-86-2995,aking@yahoo.com,001-218-569-8772x772,32955 Theresa Garden,Lake Jose,Nevada,99269,United States Minor Outlying Islands
Daniel,Hernandez,877-39-8706,petermalone@yahoo.com,161.246.8785,025 Kyle Orchard Apt. 680,Lake Cynthiastad,Maryland,70706,El Salvador
Frank,Miller,223-16-7317,bradleyroberts@yahoo.com,823-696-5954x3160,4912 Emily Tunnel,East Shannonstad,North Carolina,87833,Turkey
Kenneth,Rodgers,341-87-3641,wesleycraig@hotmail.com,930.405.6459,256 Shane Prairie Suite 055,Barneschester,Idaho,08129,Nauru
Eric,Foster,083-41-3014,robinsoncynthia@carter.info,5702122125,5271 Rebecca Mission Apt. 920,Johnborough,Delaware,91333,France
Samuel,Johnson,478-64-6499,valdezcynthia@callahan-day.info,(617)656-0187x427,6997 Gonzalez Radial Suite 751,North Teresa,Ohio,33709,Tunisia
Yolanda,Baker,733-27-5718,julie24@hotmail.com,+1-886-346-8860,81742 Mcconnell Freeway,Kanehaven,Pennsylvania,81015,France
Melanie,Williamson,520-59-8505,wlarson@gomez.org,+1-105-255-6254x2150,2802 Jason Mews,Williamberg,North Carolina,83029,Kyrgyz Republic
Scott,Poole,857-23-2602,francisconichols@gibbs.biz,652.467.0070x98634,921 Michael Highway,Crystalchester,Oklahoma,53385,Denmark
Kimberly,Cooley,117-86-3454,kelly99@quinn.info,001-926-298-4225,975 Smith Creek,Port Joelview,Colorado,09928,Antarctica (the territory South of 60 deg S)
Kevin,Blackburn,585-81-7602,sheapatrick@gmail.com,445.600.3147,32027 Angela Stravenue Suite 233,Christopherbury,Virginia,75011,San Marino
Samuel,Simmons,691-02-7215,conleythomas@yahoo.com,975-843-5498x039,88258 Christian Pass,Garyfurt,New Mexico,54889,Tonga
Dawn,Gallagher,620-45-6315,banksandrew@gmail.com,658-174-1456,897 Kayla Well Suite 986,Lancehaven,Connecticut,04048,Angola
Joshua,Case,425-13-8363,colleenmacdonald@gmail.com,790.978.5675x4447,958 Corey Island Suite 997,Lake Brianport,Texas,16567,United States of America
Kathleen,Mcconnell,196-81-5023,erobinson@gmail.com,774-464-2578x4758,91449 Sara Lodge,Crystalfurt,Nebraska,39557,Niue
Brittany,Benton,168-42-9053,mfleming@stanley-esparza.com,001-413-289-5156x45160,00621 Stephanie Stravenue Apt. 456,Wallaceton,Hawaii,82380,Chile
Madison,Edwards,597-28-7026,jacqueline31@yahoo.com,001-422-986-3796x90408,95207 Jackson Mount Suite 765,North Monicashire,Arkansas,16033,Andorra
Caroline,Rodriguez,834-15-1702,carlferguson@wilson-cummings.info,+1-276-872-1329x5692,701 Vanessa Turnpike,North James,Alabama,06101,Thailand
Laura,Johnson,647-62-5570,hernandezjoshua@chambers-santos.com,126.421.1992x22562,5371 Cantu Lane,Summerfurt,North Carolina,25733,Belize
Clayton,Molina,471-94-2166,walshalexander@yahoo.com,001-270-233-2282x406,9967 Michaela Throughway Apt. 129,Lindafort,Minnesota,08574,Belarus
Michael,Figueroa,817-36-6287,garretthailey@gmail.com,862-736-7369,408 Michael Prairie Apt. 899,Paulamouth,Hawaii,76219,Bahamas
Nancy,Fuller,463-88-0084,jcarpenter@yahoo.com,001-260-947-9958x23701,76169 Shah Point Suite 112,Ashleyfort,Florida,73688,Netherlands Antilles
James,Chandler,466-58-2207,todd00@bennett.org,658-878-0484x174,962 Smith Circles,Theresaberg,Pennsylvania,02435,Guernsey
Sandra,Todd,754-46-9906,lukedavis@gmail.com,358.510.4114,64526 Toni Plaza,West Natalie,Washington,27145,Romania
Gregory,Howell,072-24-0757,jeremycampbell@hotmail.com,001-237-834-6403,332 Kyle Circle Suite 874,Johnsonville,Louisiana,44419,Jamaica
Laura,Guerrero,540-12-4045,jonesdanielle@yahoo.com,165.001.0457x835,0714 Wilson Mills Suite 912,Turnerside,Louisiana,31766,Honduras
Donald,Brown,519-96-5840,ewise@fuentes.com,705-537-4425,8105 Burns Court Apt. 987,West Elizabeth,Nevada,10100,Northern Mariana Islands
Jennifer,Cortez,740-55-5047,michaelkirk@garza-allen.com,(727)823-3445,924 William Lodge,South Jennifer,New Hampshire,55523,Algeria
Jessica,Patton,623-89-4829,gordondanielle@yahoo.com,001-058-406-9441x9935,327 Melanie Forges,Port Alyssa,Vermont,85567,Uruguay
Kenneth,Perez,342-87-3802,michael30@gmail.com,(161)225-5429,082 Karen Creek Apt. 544,Hansenton,South Carolina,20474,United Kingdom
Natalie,Gallagher,394-33-2061,kevin24@gmail.com,(800)405-7081,05633 Patel Junction Apt. 239,Alexanderport,Connecticut,08160,Dominican Republic
Kerry,Nguyen,421-37-9159,danielle75@bush-cross.com,153.409.6512x576,256 Hannah Plaza,Alexandershire,Wisconsin,10251,Northern Mariana Islands
Mark,Martin,569-95-4375,orodriguez@jones-clarke.com,760.695.0108x233,48257 Kevin Viaduct,Lake Ivanhaven,Arizona,30555,Mongolia
Amber,Price,384-10-1942,rossdavid@wright.info,(423)284-4232x9357,1371 Stephenson Squares Suite 900,Taylorborough,Kansas,09443,Saudi Arabia
Raymond,Lowe,600-71-2909,bgreen@yahoo.com,(610)279-9478,87819 Edwin Hill Suite 526,West Jill,Illinois,14896,Korea
Megan,Thomas,333-51-7261,lleonard@lopez-webb.com,294.525.2606,337 Ashley Row,Lake Matthewmouth,Texas,62054,Sri Lanka
Geoffrey,Farmer,404-77-7301,deborahwhite@fernandez.com,936-998-7895x2369,34553 Flores Flats Suite 018,Joshuahaven,Idaho,67986,Saudi Arabia
Crystal,Wong,704-40-8951,sandersnatalie@howard.net,+1-117-024-5637,1200 Pugh Lakes Apt. 926,Rosemouth,Idaho,40108,Burkina Faso
Thomas,Shepherd,150-28-3941,peggybell@gmail.com,095-938-4458x058,5968 Price Village Suite 564,New Felicia,Delaware,32861,Philippines
Jean,Mcbride,762-31-6370,snyderlisa@gmail.com,(093)054-7275,1083 Becky Junctions,Bradyshire,North Dakota,72458,Equatorial Guinea
Wesley,Moore,751-74-4190,eric40@buchanan.org,2891043371,4783 John Port,Sheltonland,Utah,93092,Australia
Frederick,Reyes,026-45-2654,bnichols@bishop.net,8698064539,196 Huffman Lights Apt. 191,Jessicaport,Massachusetts,79586,Chad
Robert,Berg,649-07-1325,savagesteven@price.biz,985-249-7302,7373 Medina Via Apt. 552,West Lydia,North Carolina,35440,Mongolia
Christopher,Wright,649-20-2198,stacy61@hotmail.com,4620175331,8997 Thomas Alley Suite 437,Reedview,Idaho,03115,Liechtenstein
Ryan,Welch,840-71-7337,bakercharles@juarez.info,(312)447-0546,585 Anthony Forks Suite 506,West Ashleyside,Colorado,32007,Kyrgyz Republic
Brenda,Monroe,186-77-2215,pmcpherson@gmail.com,+1-068-028-0425x44049,2792 Curtis Station,Ellisstad,Kentucky,38156,Denmark
Nicholas,Foster,535-37-8314,kruegerseth@hotmail.com,+1-016-681-4986x501,843 Byrd Lodge,New Monica,Michigan,26528,Poland
Allen,Nguyen,546-57-3680,kjohnson@graham-patel.com,223-640-4881,389 Kylie Crest,Port Anthonyville,New Hampshire,83195,Guyana
Shannon,Ford,008-34-7507,faulkneradrian@perry.com,(306)370-8405x6964,9827 Sheppard Drive,Ryanmouth,Virginia,43770,Philippines
Christina,Ponce,219-35-1473,johngraham@gmail.com,757-255-7408x99245,6344 Ashley Courts Suite 178,Merrittberg,Idaho,73536,Singapore
Denise,Hernandez,038-94-3122,matthew04@leach.com,+1-887-767-6341,5400 Reid Club Suite 260,South Jamesburgh,Pennsylvania,70514,Bahamas
Sean,Floyd,379-41-6904,utyler@hotmail.com,789-970-1430x16050,4927 Harrison Pike,Kelleyton,Georgia,84042,Philippines
Jennifer,King,771-43-8097,travis10@gmail.com,802.683.5838x5640,07169 Gomez Prairie,Williston,Florida,61667,Hong Kong
Kathleen,Escobar,176-22-6442,anthony42@wagner.info,194.902.1485x4393,280 Isabella Stravenue Suite 292,Brandtchester,Idaho,13724,French Polynesia
Anne,Hayes,089-34-4630,andrew86@gmail.com,381.405.3326,0211 Johnson Roads Suite 299,Morganshire,West Virginia,26520,Guadeloupe
